Question,Intent
mission នៅ អាគារ innovationcenter មាន អ្វី ខ្លះ ?,SchoolMission
mission នៅ សាលា នេះ មាន អ្វី ខ្លះ ?,SchoolMission
mission នៅ សាលា ស៊ីអេឌីធី មាន អ្វី ខ្លះ ?,SchoolMission
mission នៅ សាលា CADT នឹង មាន អ្វី ខ្លះ ?,SchoolMission
mission នៅ អាគារ អាយឌីធី មាន អ្វី ខ្លះ ?,SchoolMission
mission នៅ អាគារ អុីនូវេសិន សែនធឺរ មាន អ្វី ខ្លះ ?,SchoolMission
mission នៅ អាគារ អាយឌីអរ អាយ មាន អ្វី ខ្លះ ?,SchoolMission
mission នៅ អាគារ IDT មាន អ្វី ខ្លះ ?,SchoolMission
mission នៅ អាគារ IDRI មាន អ្វី ខ្លះ ?,SchoolMission
mission របស់ អាគារ innovationcenter មាន អ្វី ខ្លះ ?,SchoolMission
mission របស់ សាលា នេះ មាន អ្វី ខ្លះ ?,SchoolMission
mission របស់ សាលា ស៊ីអេឌីធី មាន អ្វី ខ្លះ ?,SchoolMission
mission របស់ សាលា CADT នឹង មាន អ្វី ខ្លះ ?,SchoolMission
mission របស់ អាគារ អាយឌីធី មាន អ្វី ខ្លះ ?,SchoolMission
mission របស់ អាគារ អុីនូវេសិន សែនធឺរ មាន អ្វី ខ្លះ ?,SchoolMission
mission របស់ អាគារ អាយឌីអរ អាយ មាន អ្វី ខ្លះ ?,SchoolMission
mission របស់ អាគារ IDT មាន អ្វី ខ្លះ ?,SchoolMission
mission របស់ អាគារ IDRI មាន អ្វី ខ្លះ ?,SchoolMission
ម៉ីសសិន នៅ អាគារinnovationcenter មាន អ្វី ខ្លះ ?,SchoolMission
ម៉ីសសិន នៅ សាលា នេះ មាន អ្វី ខ្លះ ?,SchoolMission
ម៉ីសសិន នៅ សាលា ស៊ីអេឌីធី មាន អ្វី ខ្លះ ?,SchoolMission
ម៉ីសសិន នៅ សាលា CADT នឹង មាន អ្វី ខ្លះ ?,SchoolMission
ម៉ីសសិន នៅ អាគារ អាយឌីធី មាន អ្វី ខ្លះ ?,SchoolMission
ម៉ីសសិន នៅ អាគារ អុីនូវេសិន សែនធឺរ មាន អ្វី ខ្លះ ?,SchoolMission
ម៉ីសសិន នៅ អាគារ អាយឌីអរ អាយ មាន អ្វី ខ្លះ ?,SchoolMission
ម៉ីសសិន នៅ អាគារ IDT មាន អ្វី ខ្លះ ?,SchoolMission
ម៉ីសសិន នៅ អាគារ IDRI មាន អ្វី ខ្លះ ?,SchoolMission
ម៉ីសសិន របស់ អាគារ innovationcenter មាន អ្វី ខ្លះ ?,SchoolMission
ម៉ីសសិន របស់ សាលា នេះ មាន អ្វី ខ្លះ ?,SchoolMission
ម៉ីសសិន របស់ សាលា ស៊ីអេឌីធី មាន អ្វី ខ្លះ ?,SchoolMission
ម៉ីសសិន របស់ សាលា CADT នឹង មាន អ្វី ខ្លះ ?,SchoolMission
ម៉ីសសិន របស់ អាគារ អាយឌីធី មាន អ្វី ខ្លះ ?,SchoolMission
ម៉ីសសិន របស់ អាគារ អុីនូវេសិន សែនធឺរ មាន អ្វី ខ្លះ ?,SchoolMission
ម៉ីសសិន របស់ អាគារ អាយឌីអរ អាយ មាន អ្វី ខ្លះ ?,SchoolMission
ម៉ីសសិន របស់ អាគារ IDT មាន អ្វី ខ្លះ ?,SchoolMission
ម៉ីសសិន របស់ អាគារ IDRI មាន អ្វី ខ្លះ ?,SchoolMission
បេសកម្ម នៅ អាគារ innovationcenter មាន អ្វី ខ្លះ ?,SchoolMission
បេសកម្ម នៅ សាលា នេះ មាន អ្វី ខ្លះ ?,SchoolMission
បេសកម្ម នៅ សាលា ស៊ីអេឌីធី មាន អ្វី ខ្លះ ?,SchoolMission
បេសកម្ម នៅ សាលា CADT នឹង មាន អ្វី ខ្លះ ?,SchoolMission
បេសកម្ម នៅ អាគារ អាយឌីធី មាន អ្វី ខ្លះ ?,SchoolMission
បេសកម្ម នៅ អាគារ អុីនូវេសិន សែនធឺរ មាន អ្វី ខ្លះ ?,SchoolMission
បេសកម្ម នៅ អាគារ អាយឌីអរ អាយ មាន អ្វី ខ្លះ ?,SchoolMission
បេសកម្ម នៅ អាគារ IDT មាន អ្វី ខ្លះ ?,SchoolMission
បេសកម្ម នៅ អាគារ IDRI មាន អ្វី ខ្លះ ?,SchoolMission
បេសកម្ម របស់ អាគារ innovationcenter មាន អ្វី ខ្លះ ?,SchoolMission
បេសកម្ម របស់ សាលា នេះ មាន អ្វី ខ្លះ ?,SchoolMission
បេសកម្ម របស់ សាលា ស៊ីអេឌីធី មាន អ្វី ខ្លះ ?,SchoolMission
បេសកម្ម របស់ សាលា CADT នឹង មាន អ្វី ខ្លះ ?,SchoolMission
បេសកម្ម របស់ អាគារ អាយឌីធី មាន អ្វី ខ្លះ ?,SchoolMission
បេសកម្ម របស់ អាគារ អុីនូវេសិន សែនធឺរ មាន អ្វី ខ្លះ ?,SchoolMission
បេសកម្ម របស់ អាគារ អាយឌីអរ អាយ មាន អ្វី ខ្លះ ?,SchoolMission
បេសកម្ម របស់ អាគារ IDT មាន អ្វី ខ្លះ ?,SchoolMission
បេសកម្ម របស់ អាគារ IDRI មាន អ្វី ខ្លះ ?,SchoolMission
